Date,open,high,low,close,volume
01-06-2022,10.34,10.726,9.285,9.445,393895.97
02-06-2022,9.439,10.04,9.29,9.869,292264.472
03-06-2022,9.863,9.92,9.199,9.356,216918.364
04-06-2022,9.356,9.545,9.136,9.451,159298.279
05-06-2022,9.428,9.541,9.256,9.326,121975.848
06-06-2022,9.326,9.928,9.312,9.495,225338.17
07-06-2022,9.495,9.495,8.839,9.217,238368.044
08-06-2022,9.217,9.4,8.902,8.989,205302.884
09-06-2022,8.989,9.462,8.902,9.23,182127.557
10-06-2022,9.23,9.37,8.518,8.66,264845.379
11-06-2022,8.649,8.83,7.911,8,268986.253
12-06-2022,8,8.093,7.378,7.378,360220.977
13-06-2022,7.39,7.461,6.371,7.011,693415.052
14-06-2022,7.04,7.537,6.677,7.342,505266.612
15-06-2022,7.379,8.787,6.834,8.485,599748.733
16-06-2022,8.5,8.528,6.967,7.1,476085.842
17-06-2022,7.129,7.449,7.029,7.268,260253.665
18-06-2022,7.268,7.399,6.475,7.044,343361.33
19-06-2022,7.06,7.64,6.755,7.529,273051.218
20-06-2022,7.516,8.009,7.176,7.869,309003.609
21-06-2022,7.869,8.259,7.667,7.731,261554.34
22-06-2022,7.731,7.829,7.35,7.38,230349.687
23-06-2022,7.38,7.831,7.355,7.78,194343.887
24-06-2022,7.774,8.32,7.709,8.177,226412.505
25-06-2022,8.177,8.354,7.791,8.141,167637.388
26-06-2022,8.129,8.46,7.795,7.827,177121.888
27-06-2022,7.827,8.195,7.687,7.718,195208.982
28-06-2022,7.733,7.985,7.252,7.301,234601.383
29-06-2022,7.307,7.438,6.948,7.029,267770.209
30-06-2022,7.029,7.081,6.628,7.043,252322.094
01-07-2022,7.055,7.235,6.548,6.726,241869.656
02-07-2022,6.726,6.898,6.613,6.806,140225.416
03-07-2022,6.806,6.981,6.614,6.836,134449.867
04-07-2022,6.836,7.198,6.65,7.149,157550.997
05-07-2022,7.149,7.232,6.6,6.826,565255.541
06-07-2022,6.826,7,6.686,6.93,603015.442
07-07-2022,6.929,7.347,6.874,7.296,311824.291
08-07-2022,7.3,7.442,6.923,7.05,441909.53
09-07-2022,7.075,7.35,7.02,7.27,179841.805
10-07-2022,7.243,7.264,6.746,6.843,240527.764
11-07-2022,6.84,6.891,6.501,6.541,446172.97
12-07-2022,6.521,6.616,6.253,6.28,347585.392
13-07-2022,6.3,6.504,5.995,6.459,467067.39
14-07-2022,6.459,6.764,6.279,6.721,487459.591
15-07-2022,6.76,6.977,6.635,6.81,710239.557
16-07-2022,6.81,7.206,6.568,7.187,631409.639
17-07-2022,7.187,7.32,6.88,6.907,596723.326
18-07-2022,6.921,7.708,6.904,7.67,851012.049
19-07-2022,7.646,8.021,7.487,7.799,1163777.646
20-07-2022,7.79,8.072,7.341,7.454,1001987.515
21-07-2022,7.453,7.582,7.16,7.522,532632.018
22-07-2022,7.52,7.852,7.242,7.273,507562.956
23-07-2022,7.278,7.487,7.076,7.309,674070.164
24-07-2022,7.309,7.571,7.294,7.431,552226.371
25-07-2022,7.391,7.426,6.729,6.735,484048.9
26-07-2022,6.777,6.78,6.522,6.763,582331.042
27-07-2022,6.763,7.678,6.635,7.65,689965.195
28-07-2022,7.684,8.069,7.457,7.852,1025388
29-07-2022,7.83,8.41,7.748,8.165,1076576.802
30-07-2022,8.165,8.821,8.153,8.191,849701.995
31-07-2022,8.191,9.198,8.067,8.616,1034175.258
01-08-2022,8.616,8.971,8.029,8.18,968759.305
02-08-2022,8.14,8.24,7.655,7.954,245912.974
03-08-2022,7.921,8.43,7.682,8.01,305500.368
04-08-2022,8.01,8.26,7.884,8.071,169850.305
05-08-2022,8.077,8.835,8.068,8.79,200275.243
06-08-2022,8.796,8.882,8.472,8.499,164466.75
07-08-2022,8.52,8.932,8.333,8.61,123859.469
08-08-2022,8.648,9.373,8.611,9.256,221606.402
09-08-2022,9.249,9.45,8.627,8.899,298855.388
10-08-2022,8.9,9.641,8.536,9.507,473487.637
11-08-2022,9.5,9.637,9.118,9.19,744190.812
12-08-2022,9.19,9.488,9.009,9.469,428563.44
13-08-2022,9.469,9.658,9.236,9.286,383347.092
14-08-2022,9.285,9.563,8.815,8.947,566079.749
15-08-2022,8.947,9.385,8.613,8.77,573642.578
16-08-2022,8.77,8.959,8.614,8.829,422686.994
17-08-2022,8.84,9.168,8.303,8.342,514775.499
18-08-2022,8.342,8.593,7.946,8.08,310586.963
19-08-2022,8.1,8.107,7.205,7.327,743867.814
20-08-2022,7.327,7.521,7.015,7.217,458170.428
21-08-2022,7.238,7.537,7.145,7.429,303318.016
22-08-2022,7.429,7.445,7.001,7.419,427077.858
23-08-2022,7.419,7.72,7.172,7.619,482361.412
24-08-2022,7.619,7.781,7.405,7.591,366274.727
25-08-2022,7.591,7.763,7.451,7.58,292531.786
26-08-2022,7.569,7.68,6.852,6.934,577395.866
27-08-2022,6.911,7.121,6.788,7.04,422460.87
28-08-2022,7.061,7.156,6.81,6.846,285430.79
29-08-2022,6.876,7.298,6.786,7.291,474516.271
30-08-2022,7.26,7.374,6.875,6.991,501712.11
31-08-2022,6.991,7.288,6.969,7.045,427737.002
01-09-2022,7.022,7.202,6.836,7.163,455340.304
02-09-2022,7.163,7.563,7.103,7.287,571564.953
03-09-2022,7.287,7.313,7.157,7.29,291728.83
04-09-2022,7.3,7.414,7.141,7.381,367665.837
05-09-2022,7.381,7.631,7.243,7.346,501625.96
06-09-2022,7.346,7.703,6.823,6.858,755925.476
07-09-2022,6.858,7.3,6.743,7.19,547202.673
08-09-2022,7.2,7.455,7.017,7.379,591008.615
09-09-2022,7.397,7.938,7.353,7.735,900303.284
10-09-2022,7.735,7.896,7.586,7.795,484467.675
11-09-2022,7.795,7.901,7.553,7.684,451505.643
12-09-2022,7.681,8.061,7.564,7.646,837212.202
13-09-2022,7.646,7.96,7.029,7.055,804746.701
14-09-2022,7.073,7.307,7.001,7.212,585179.745
15-09-2022,7.19,7.237,6.859,6.918,695369.565
16-09-2022,6.947,6.97,6.704,6.895,570695.503
17-09-2022,6.895,7.166,6.895,7.034,360524.105
18-09-2022,7.034,7.064,6.362,6.432,558220.832
19-09-2022,6.443,6.575,6.09,6.379,807855.164
20-09-2022,6.379,6.411,6.171,6.263,513912.385
21-09-2022,6.29,6.583,5.951,6.136,817305.465
22-09-2022,6.119,6.54,6.074,6.46,600018.876
23-09-2022,6.435,6.642,6.18,6.43,848072.3
24-09-2022,6.43,6.541,6.22,6.263,367521.15
25-09-2022,6.259,6.372,6.077,6.185,363545.749
26-09-2022,6.185,6.581,6.144,6.541,779260.121
27-09-2022,6.541,6.797,6.217,6.356,705306.801
28-09-2022,6.382,6.508,6.16,6.39,531688.831
29-09-2022,6.379,6.49,6.248,6.428,543689.69
30-09-2022,6.428,6.584,6.18,6.307,669088.956
01-10-2022,6.307,6.369,6.208,6.278,292468.328
02-10-2022,6.278,6.334,6.125,6.16,351785.491
03-10-2022,6.174,6.409,6.09,6.37,487931.289
04-10-2022,6.394,6.538,6.331,6.486,373854.301
05-10-2022,6.486,6.5,6.272,6.427,369319.857
06-10-2022,6.427,6.524,6.3,6.339,398780.662
07-10-2022,6.339,6.403,6.237,6.303,277779.736
08-10-2022,6.342,6.399,6.259,6.299,141964.169
09-10-2022,6.31,6.515,6.263,6.469,244300.856
10-10-2022,6.469,6.536,6.232,6.266,349471.128
11-10-2022,6.266,6.276,6.108,6.17,303153.215
12-10-2022,6.17,6.256,6.116,6.168,225061.05
13-10-2022,6.168,6.184,5.68,6.109,523648.825
14-10-2022,6.12,6.281,6.006,6.04,365133.333
15-10-2022,6.04,6.112,6.021,6.037,170553.662
16-10-2022,6.037,6.256,6.035,6.199,246318.254
17-10-2022,6.199,6.298,6.104,6.272,319645.362
18-10-2022,6.236,6.31,6.054,6.161,379248.435
19-10-2022,6.161,6.298,6.054,6.115,432803.166
20-10-2022,6.115,6.173,5.806,5.879,496944.422
21-10-2022,5.879,5.935,5.725,5.85,645784.498
22-10-2022,5.828,5.924,5.76,5.851,294184.035
23-10-2022,5.838,5.998,5.751,5.975,292789.2
24-10-2022,5.975,5.999,5.789,5.92,379537.052
25-10-2022,5.92,6.646,5.884,6.43,853237.353
26-10-2022,6.466,6.636,6.407,6.471,641255.543
27-10-2022,6.471,6.66,6.276,6.32,664971.385
28-10-2022,6.345,6.591,6.247,6.547,483942.069
29-10-2022,6.505,6.78,6.468,6.642,600300.058
30-10-2022,6.642,6.761,6.498,6.662,426842.001
31-10-2022,6.662,6.862,6.547,6.62,696568.835
01-11-2022,6.62,6.74,6.446,6.446,372100.803
02-11-2022,6.461,6.531,6.151,6.24,592578.505
03-11-2022,6.268,6.547,6.206,6.402,542940.72
04-11-2022,6.402,7.143,6.366,7.063,921697.476
05-11-2022,7.044,7.262,6.925,7.01,731220.985
06-11-2022,7.03,7.159,6.777,6.84,549871.677
07-11-2022,6.84,7.424,6.645,7.129,933815.378
08-11-2022,7.129,7.199,5.852,6.316,1549307.263
09-11-2022,6.316,6.399,5.333,5.401,1514450.948
10-11-2022,5.401,6.181,5.317,5.938,1200117.061
11-11-2022,5.937,6.017,5.492,5.762,867213.666
12-11-2022,5.74,5.904,5.554,5.78,358877.837
13-11-2022,5.766,5.994,5.617,5.77,491942.493
14-11-2022,5.77,5.906,5.439,5.877,567901.344
15-11-2022,5.86,6.067,5.784,5.931,328691.83
16-11-2022,5.931,6.01,5.61,5.699,321044.641
17-11-2022,5.699,5.741,5.549,5.688,278455.333
18-11-2022,5.688,5.799,5.57,5.632,216003.155
19-11-2022,5.65,5.675,5.531,5.599,159310.093
20-11-2022,5.599,5.669,5.219,5.305,376330.495
21-11-2022,5.305,5.319,5.043,5.179,639401.143
22-11-2022,5.191,5.332,5.011,5.301,528289.735
23-11-2022,5.275,5.5,5.242,5.422,411925.691
24-11-2022,5.418,5.541,5.321,5.379,356330.874
25-11-2022,5.395,5.403,5.231,5.271,269851.389
26-11-2022,5.257,5.469,5.232,5.31,286348.835
27-11-2022,5.285,5.451,5.261,5.288,225694.582
28-11-2022,5.312,5.339,5.045,5.13,499891.729
29-11-2022,5.143,5.378,5.072,5.297,385708.279
30-11-2022,5.313,5.52,5.293,5.487,468438.673
01-12-2022,5.487,5.505,5.302,5.413,394122.992
02-12-2022,5.413,5.719,5.352,5.604,645233.571
03-12-2022,5.639,5.719,5.47,5.507,362747.395
04-12-2022,5.507,5.627,5.485,5.615,259036.986
05-12-2022,5.581,5.742,5.424,5.478,355871.564
06-12-2022,5.492,5.534,5.402,5.472,268575.942
07-12-2022,5.472,5.549,5.222,5.28,482860.9
08-12-2022,5.304,5.466,5.237,5.45,381821.533
09-12-2022,5.42,5.45,5.235,5.289,254527.539
10-12-2022,5.289,5.317,5.239,5.256,123906.623
11-12-2022,5.256,5.323,5.132,5.16,208736.708
12-12-2022,5.16,5.203,5.002,5.169,365373.87
13-12-2022,5.169,5.35,5.001,5.266,449957.124
14-12-2022,5.266,5.358,5.154,5.2,549985.011
15-12-2022,5.21,5.262,5.111,5.225,398249.863
16-12-2022,5.23,5.259,4.511,4.654,635946.13
17-12-2022,4.654,4.732,4.573,4.727,460002.494
18-12-2022,4.703,4.734,4.614,4.65,274738.825
19-12-2022,4.675,4.713,4.404,4.486,469424.138
20-12-2022,4.486,4.653,4.453,4.605,327313.482
21-12-2022,4.615,4.618,4.434,4.487,272985.47
22-12-2022,4.482,4.554,4.363,4.539,294470.612
23-12-2022,4.529,4.563,4.449,4.477,262107.347
24-12-2022,4.459,4.54,4.426,4.454,130920.077
25-12-2022,4.454,4.503,4.379,4.491,170470.542
26-12-2022,4.491,4.585,4.462,4.577,195588.678
27-12-2022,4.568,4.585,4.433,4.474,256132.982
28-12-2022,4.482,4.497,4.241,4.29,485757.477
29-12-2022,4.278,4.364,4.215,4.315,245814.809
30-12-2022,4.315,4.352,4.221,4.321,203449.812
31-12-2022,4.328,4.395,4.284,4.291,149298.003
01-01-2023,4.291,4.394,4.262,4.373,133700.612
02-01-2023,4.373,4.545,4.307,4.499,311634.412
03-01-2023,4.499,4.561,4.453,4.524,195501.588
04-01-2023,4.53,4.694,4.519,4.634,308910.46
05-01-2023,4.629,4.673,4.543,4.627,289027.906
06-01-2023,4.627,4.722,4.551,4.679,323773.367
07-01-2023,4.679,4.716,4.631,4.653,159216.394
08-01-2023,4.653,4.832,4.604,4.81,286920.185
09-01-2023,4.813,5.091,4.798,4.898,599370.433
10-01-2023,4.872,4.977,4.811,4.923,289501.603
11-01-2023,4.917,5.154,4.823,5.143,446739.204
12-01-2023,5.143,5.27,5.008,5.234,582698.208
13-01-2023,5.231,5.427,5.153,5.402,475821.647
14-01-2023,5.397,6.534,5.391,6.031,1336564.418
15-01-2023,6.031,6.073,5.76,5.933,577103.936
16-01-2023,5.933,6.098,5.615,5.814,716932.924
17-01-2023,5.803,6.213,5.687,5.956,756433.714
18-01-2023,5.95,6.229,5.588,5.642,901922.174
19-01-2023,5.642,5.854,5.639,5.81,334234.587
20-01-2023,5.81,6.297,5.75,6.254,534577.676
21-01-2023,6.248,6.465,6.001,6.234,781532.675
22-01-2023,6.234,6.469,6.068,6.199,566599.946
23-01-2023,6.199,6.836,6.19,6.575,993933.566
24-01-2023,6.548,6.71,6.107,6.184,597831.633
25-01-2023,6.184,6.568,6.004,6.382,732848.945
26-01-2023,6.382,6.564,6.297,6.46,666048.436
27-01-2023,6.46,6.624,6.279,6.586,528069.282
28-01-2023,6.582,6.672,6.321,6.385,384670.814
29-01-2023,6.385,6.715,6.326,6.614,470553.94
30-01-2023,6.607,6.657,6.015,6.179,526039.028
31-01-2023,6.191,6.34,6.138,6.264,376126.461
01-02-2023,6.264,6.499,6.018,6.455,562939.426
02-02-2023,6.466,6.897,6.44,6.528,777636.046
03-02-2023,6.528,7.128,6.496,7.014,955922.252
04-02-2023,6.998,7.079,6.817,6.866,376823.988
05-02-2023,6.866,6.895,6.512,6.652,491918.591
06-02-2023,6.652,6.796,6.416,6.487,468526.205
07-02-2023,6.487,6.957,6.466,6.936,547471.321
08-02-2023,6.942,7.019,6.61,6.745,479400.585
09-02-2023,6.745,6.999,6.082,6.241,1011033.601
10-02-2023,6.241,6.322,6.112,6.177,497234.417
11-02-2023,6.177,6.294,6.15,6.281,174077.957
12-02-2023,6.27,6.392,6.071,6.188,237318.452
13-02-2023,6.188,6.257,5.875,6.127,638336.776
14-02-2023,6.149,6.275,6.003,6.222,526213.399
15-02-2023,6.229,6.618,6.144,6.61,653096.948
16-02-2023,6.61,6.747,6.317,6.337,901557.97
17-02-2023,6.323,7.415,6.28,7.276,1619640.45
18-02-2023,7.291,7.38,7.095,7.227,792726.804
19-02-2023,7.227,7.889,7.184,7.452,1400292.327
20-02-2023,7.452,7.573,7.247,7.543,774240.464
21-02-2023,7.543,7.58,7.115,7.254,661964.316
22-02-2023,7.24,7.282,6.875,7.181,741146.342
23-02-2023,7.192,7.388,7.014,7.083,587874.716
24-02-2023,7.097,7.155,6.458,6.622,711226.375
25-02-2023,6.612,6.654,6.335,6.539,345871.722
26-02-2023,6.539,6.741,6.5,6.673,334080.509
27-02-2023,6.673,6.792,6.476,6.579,439737.387
28-02-2023,6.579,6.602,6.268,6.335,414223.847
01-03-2023,6.335,6.601,6.299,6.545,430829.684
02-03-2023,6.545,6.56,6.217,6.322,297231.689
03-03-2023,6.336,6.339,5.789,6.028,498069.839
04-03-2023,6.028,6.058,5.725,5.91,259943.684
05-03-2023,5.91,6.07,5.886,5.97,236845.14
06-03-2023,5.98,6.05,5.854,5.91,277879.665
07-03-2023,5.91,6.029,5.733,5.832,459525.178
08-03-2023,5.832,5.949,5.501,5.593,645159.34
09-03-2023,5.593,5.808,5.245,5.39,739191.345
10-03-2023,5.375,5.591,5.137,5.544,955764.961
11-03-2023,5.544,5.683,5.218,5.458,727273.498
12-03-2023,5.458,5.912,5.349,5.878,654726.543
13-03-2023,5.899,6.147,5.701,6.092,1019569.25
14-03-2023,6.103,6.538,5.981,6.236,979213.494
15-03-2023,6.215,6.371,5.763,5.857,885258.723
16-03-2023,5.876,6.155,5.758,6.085,616344.782
17-03-2023,6.097,6.638,6.025,6.612,763172.092
18-03-2023,6.627,6.7,6.274,6.307,653448.168
19-03-2023,6.307,6.607,6.302,6.456,488809.586
20-03-2023,6.46,6.485,6.048,6.084,548911.785
21-03-2023,6.095,6.459,5.996,6.376,550425.14
22-03-2023,6.376,6.408,5.904,6.044,655979.559
23-03-2023,6.06,6.433,5.989,6.314,429800.101
24-03-2023,6.326,6.342,5.948,6.015,582347.022
25-03-2023,6.015,6.08,5.829,5.896,218924.676
26-03-2023,5.896,6.098,5.875,6.055,178124.211
27-03-2023,6.055,6.121,5.734,5.871,333124.078
28-03-2023,5.864,6.129,5.782,6.056,288920.491
29-03-2023,6.07,6.287,6.043,6.178,377028.934
30-03-2023,6.178,6.296,6.014,6.118,384083.48
31-03-2023,6.128,6.385,6.096,6.346,426613.448
01-04-2023,6.338,6.398,6.187,6.358,262951.46
02-04-2023,6.339,6.455,6.17,6.259,303252.04
03-04-2023,6.259,6.509,6.082,6.419,535232.176
04-04-2023,6.417,6.533,6.364,6.44,437559.106
05-04-2023,6.429,6.591,6.309,6.41,370299.757
06-04-2023,6.398,6.423,6.249,6.271,270447.556
07-04-2023,6.271,6.323,6.134,6.174,263775.167
08-04-2023,6.182,6.243,6.083,6.136,206446.941
09-04-2023,6.127,6.271,6.086,6.206,216897.962
10-04-2023,6.214,6.317,6.105,6.29,255817.34
11-04-2023,6.303,6.493,6.275,6.413,416937.677
12-04-2023,6.422,6.477,6.208,6.397,452481.696
13-04-2023,6.397,6.656,6.346,6.62,451357.888
14-04-2023,6.62,6.852,6.524,6.736,651607.255
15-04-2023,6.736,6.87,6.632,6.794,379349.555
16-04-2023,6.806,6.897,6.673,6.823,380316.21
17-04-2023,6.823,6.837,6.624,6.687,423889.45
18-04-2023,6.687,6.998,6.568,6.908,511920.48
19-04-2023,6.93,6.93,6.232,6.309,566839.382
20-04-2023,6.303,6.442,6.056,6.102,515010.705
21-04-2023,6.102,6.172,5.782,5.851,451371.813
22-04-2023,5.851,5.981,5.815,5.949,204894.966
23-04-2023,5.949,5.99,5.757,5.894,228298.992
24-04-2023,5.906,6.043,5.795,5.891,276978.809
25-04-2023,5.891,6.016,5.777,6.011,268262.533
26-04-2023,6.011,6.234,5.596,5.855,567582.809
27-04-2023,5.843,6.056,5.83,5.967,362116.797
28-04-2023,5.974,5.986,5.764,5.953,313251.97
29-04-2023,5.953,6.063,5.905,6.034,208240.016
30-04-2023,6.034,6.095,5.844,5.886,254212.257
01-05-2023,5.867,5.914,5.578,5.67,324264.877
02-05-2023,5.661,5.761,5.616,5.702,231203.578
03-05-2023,5.717,5.814,5.556,5.769,282826.834
04-05-2023,5.786,5.809,5.614,5.671,163091.828
05-05-2023,5.671,5.907,5.649,5.85,266455.6
06-05-2023,5.85,5.903,5.573,5.639,212667.278
07-05-2023,5.632,5.704,5.594,5.632,152998.917
08-05-2023,5.626,5.654,5.159,5.368,457298.745
09-05-2023,5.375,5.412,5.273,5.316,239100.321
10-05-2023,5.327,5.523,5.205,5.458,360566.472
11-05-2023,5.458,5.477,5.169,5.283,271987.837
12-05-2023,5.277,5.352,5.105,5.343,279073.043
13-05-2023,5.343,5.407,5.299,5.343,136326.63
14-05-2023,5.343,5.451,5.297,5.344,144647.645
15-05-2023,5.346,5.436,5.26,5.32,211093.707
16-05-2023,5.32,5.338,5.22,5.291,182372.455
17-05-2023,5.303,5.445,5.216,5.411,278362.91
18-05-2023,5.423,5.473,5.242,5.335,285916.874
19-05-2023,5.347,5.4,5.299,5.376,182837.415
20-05-2023,5.362,5.453,5.324,5.407,149724.671
21-05-2023,5.412,5.442,5.234,5.272,152445.021
22-05-2023,5.278,5.346,5.208,5.295,171577.96
23-05-2023,5.318,5.46,5.285,5.402,175503.234
24-05-2023,5.402,5.405,5.185,5.259,231258.712
25-05-2023,5.246,5.311,5.122,5.253,200766.696
26-05-2023,5.241,5.273,5.186,5.24,167036.962
27-05-2023,5.24,5.385,5.225,5.332,191085.834
28-05-2023,5.332,5.573,5.308,5.504,207877.75
29-05-2023,5.498,5.539,5.409,5.452,187051.402
30-05-2023,5.452,5.531,5.403,5.449,223286.776
31-05-2023,5.449,5.465,5.249,5.312,264906.186
01-06-2023,5.312,5.348,5.174,5.203,224494.229
02-06-2023,5.203,5.328,5.153,5.283,279821.627
03-06-2023,5.283,5.341,5.239,5.341,122246.237
04-06-2023,5.341,5.393,5.296,5.312,177560.824
05-06-2023,5.312,5.334,4.89,5.072,503985.382
06-06-2023,5.072,5.273,4.975,5.207,304070.893
07-06-2023,5.207,5.226,4.971,5.025,280512.04
08-06-2023,5.02,5.076,4.966,5.027,224783.502
09-06-2023,5.019,5.084,4.927,4.985,186078.735
10-06-2023,4.985,4.997,4.192,4.524,1052784.127
11-06-2023,4.524,4.57,4.414,4.525,287265.676
12-06-2023,4.525,4.568,4.412,4.537,272922.32
13-06-2023,4.537,4.74,4.493,4.631,253834.944
14-06-2023,4.631,4.801,4.499,4.567,310810.387
15-06-2023,4.567,4.622,4.272,4.365,530719.498
16-06-2023,4.365,4.462,4.262,4.417,316121.197
17-06-2023,4.417,4.568,4.392,4.518,212086.033
18-06-2023,4.523,4.664,4.467,4.539,243570.111
19-06-2023,4.524,4.588,4.414,4.513,236326.144
20-06-2023,4.513,4.677,4.355,4.659,319429.377
21-06-2023,4.659,4.878,4.617,4.817,444242.089
22-06-2023,4.817,4.978,4.746,4.824,399263.601
23-06-2023,4.824,5.139,4.817,5.091,464136.578
24-06-2023,5.101,5.137,4.902,5.003,273949.008
25-06-2023,5.013,5.264,5.001,5.2,434224.192
26-06-2023,5.2,5.239,4.973,5.02,496651.973
27-06-2023,5.02,5.155,4.991,5.096,226359.385
28-06-2023,5.093,5.101,4.742,4.868,322419.305
29-06-2023,4.868,5.222,4.86,4.986,392645.448
30-06-2023,4.98,5.206,4.79,5.171,629318.582
01-07-2023,5.183,5.391,5.107,5.334,494786.344
02-07-2023,5.334,5.554,5.222,5.506,426415.248
03-07-2023,5.49,5.643,5.372,5.433,392109.094
04-07-2023,5.418,5.548,5.244,5.338,315723.117
05-07-2023,5.359,5.382,5.105,5.21,274693.558
06-07-2023,5.21,5.373,5.002,5.022,293772.626
07-07-2023,5.022,5.179,4.961,5.123,202911.021
08-07-2023,5.111,5.206,5.051,5.119,120210.07
09-07-2023,5.119,5.165,5.062,5.084,120278.182
10-07-2023,5.084,5.236,4.973,5.139,251429.566
11-07-2023,5.139,5.222,5.085,5.206,165814.298
12-07-2023,5.206,5.314,5.093,5.14,256558.218
13-07-2023,5.14,5.549,5.079,5.545,545632.499
14-07-2023,5.545,5.81,5.285,5.439,595590.604
15-07-2023,5.455,5.578,5.378,5.427,192410.173
16-07-2023,5.433,5.462,5.249,5.314,212595.749
17-07-2023,5.306,5.419,5.16,5.295,317472.951
18-07-2023,5.309,5.403,5.091,5.175,367385.449
19-07-2023,5.186,5.26,5.128,5.2,232278.31
20-07-2023,5.183,5.495,5.181,5.357,390418.494
21-07-2023,5.341,5.719,5.333,5.51,535491.694
22-07-2023,5.477,5.519,5.259,5.316,225062.961
23-07-2023,5.308,5.506,5.273,5.39,221940.399
24-07-2023,5.39,5.422,5.107,5.219,335129.432
25-07-2023,5.209,5.258,5.12,5.177,175220.797
26-07-2023,5.175,5.302,5.115,5.245,172289.053
27-07-2023,5.245,5.343,5.181,5.24,162370.265
28-07-2023,5.24,5.282,5.147,5.211,173720.415
29-07-2023,5.211,5.279,5.202,5.245,85226.893
30-07-2023,5.245,5.279,5.088,5.191,167839.336
31-07-2023,5.191,5.265,5.036,5.104,212534.731
01-08-2023,5.104,5.216,4.951,5.213,243036.373
02-08-2023,5.202,5.225,5.004,5.055,185977.658
03-08-2023,5.055,5.076,4.916,4.973,158517.628
04-08-2023,4.973,5.046,4.934,4.982,130760.698
05-08-2023,4.982,4.999,4.928,4.971,69255.312
06-08-2023,4.971,5.049,4.951,5.008,111249.456
07-08-2023,5.001,5.064,4.825,4.955,172623.984
08-08-2023,4.955,5.113,4.909,5.069,138411.279
09-08-2023,5.069,5.12,4.992,5.06,139228.38
10-08-2023,5.06,5.077,4.976,5.007,114703.829
11-08-2023,5.007,5.029,4.946,5.013,102625.1
12-08-2023,5.006,5.039,4.971,5.022,81617.345
13-08-2023,5.022,5.062,4.966,4.988,107020.343
14-08-2023,4.985,5.076,4.938,4.988,147218.754
15-08-2023,4.988,5.008,4.641,4.81,195400.477
16-08-2023,4.81,4.858,4.521,4.667,239108.582
17-08-2023,4.675,4.99,4.301,4.426,454765.31
18-08-2023,4.426,4.568,4.345,4.514,294571.853
19-08-2023,4.509,4.568,4.443,4.523,99809.496
20-08-2023,4.515,4.539,4.458,4.524,99840.222
21-08-2023,4.524,4.544,4.357,4.435,159331.934
22-08-2023,4.435,4.465,4.256,4.418,250333.504
23-08-2023,4.418,4.546,4.365,4.491,214643.226
24-08-2023,4.485,4.54,4.359,4.428,187780.831
25-08-2023,4.418,4.505,4.345,4.478,182169.355
26-08-2023,4.492,4.536,4.464,4.501,133333.872
27-08-2023,4.49,4.553,4.458,4.483,127386.491
28-08-2023,4.492,4.624,4.407,4.62,296755.644
29-08-2023,4.62,4.813,4.532,4.689,419622.291
30-08-2023,4.666,4.689,4.507,4.537,204618.675
31-08-2023,4.537,4.559,4.219,4.272,474728.291
01-09-2023,4.272,4.301,4.135,4.225,317376.022
02-09-2023,4.211,4.279,4.199,4.253,138364.014
03-09-2023,4.263,4.303,4.222,4.253,124733.597
04-09-2023,4.265,4.336,4.185,4.254,236736.901
05-09-2023,4.273,4.316,4.186,4.258,171379.36
06-09-2023,4.258,4.3,4.154,4.276,201761.868
07-09-2023,4.261,4.315,4.221,4.299,197138.496
08-09-2023,4.284,4.346,4.202,4.258,191597.274
09-09-2023,4.247,4.287,4.225,4.257,81127.211
10-09-2023,4.245,4.259,4.093,4.156,260473.189
11-09-2023,4.156,4.17,3.899,3.993,466289.757
12-09-2023,3.972,4.104,3.945,3.978,327880.386
13-09-2023,3.993,4.112,3.948,4.003,238114.832
14-09-2023,4.003,4.094,3.948,4.076,279087.365
15-09-2023,4.053,4.178,4.039,4.136,236142.276
16-09-2023,4.136,4.239,4.125,4.19,181440.144
17-09-2023,4.19,4.2,4.03,4.055,178082.872
18-09-2023,4.078,4.221,3.999,4.103,297010.379
19-09-2023,4.109,4.175,4.075,4.149,261075.424
20-09-2023,4.159,4.17,4.058,4.133,164987.543
21-09-2023,4.133,4.17,4.001,4.009,177179.165
22-09-2023,4.019,4.039,3.98,4.021,154084.687
23-09-2023,4.021,4.04,3.976,4.035,100423.879
24-09-2023,4.019,4.059,3.966,3.998,107321.888
25-09-2023,3.986,4.1,3.935,4.071,233665.088
26-09-2023,4.071,4.106,3.974,4.021,209143.867
27-09-2023,4.021,4.086,3.964,3.99,212604.909
28-09-2023,3.99,4.101,3.983,4.077,176099.508
29-09-2023,4.077,4.128,4.053,4.072,207536.791
30-09-2023,4.078,4.129,4.066,4.107,110404.419
01-10-2023,4.099,4.296,4.099,4.258,210754.592
02-10-2023,4.258,4.316,4.07,4.111,346618.724
03-10-2023,4.123,4.166,4.045,4.074,154559.267
04-10-2023,4.074,4.083,3.966,4.049,245901.376
05-10-2023,4.049,4.107,3.992,4.016,171946.075
06-10-2023,4.016,4.096,4,4.071,140441.199
07-10-2023,4.067,4.116,4.044,4.054,97296.286
08-10-2023,4.054,4.073,3.994,4.008,115591.254
09-10-2023,4.008,4.036,3.757,3.877,307400.489
10-10-2023,3.877,3.912,3.756,3.813,199784.915
11-10-2023,3.813,3.828,3.693,3.73,212047.378
12-10-2023,3.73,3.743,3.613,3.675,267734.773
13-10-2023,3.676,3.781,3.654,3.714,164760.222
14-10-2023,3.722,3.781,3.708,3.741,100562.41
15-10-2023,3.741,3.793,3.688,3.754,156566.911
16-10-2023,3.754,3.904,3.73,3.791,362661.505
17-10-2023,3.775,3.801,3.635,3.661,215144.459
18-10-2023,3.661,3.728,3.619,3.652,165208.585
19-10-2023,3.659,3.684,3.557,3.651,224478.087
20-10-2023,3.644,3.819,3.624,3.714,372942.091
21-10-2023,3.723,3.991,3.698,3.905,364300.482
22-10-2023,3.917,3.978,3.802,3.953,339042.987
23-10-2023,3.953,4.373,3.915,4.369,844470.6555
24-10-2023,4.369,4.437,4.094,4.19,928742.297
25-10-2023,4.182,4.367,4.137,4.293,503165.642
26-10-2023,4.284,4.466,4.145,4.232,538100.526
27-10-2023,4.232,4.242,4.051,4.134,435540.511
28-10-2023,4.134,4.233,4.126,4.175,282109.956
29-10-2023,4.187,4.357,4.115,4.31,271869.804
30-10-2023,4.32,4.538,4.23,4.526,435080.465
31-10-2023,4.517,4.605,4.271,4.446,528056.259
01-11-2023,4.451,4.844,4.313,4.723,689252.462
02-11-2023,4.723,4.814,4.508,4.627,741873.351
03-11-2023,4.639,4.655,4.427,4.606,499151.507
04-11-2023,4.606,4.787,4.575,4.69,359752.378
05-11-2023,4.68,4.925,4.65,4.769,826433.219
06-11-2023,4.769,5.01,4.668,4.962,799855.472
07-11-2023,4.962,5.114,4.705,4.921,644132.777
08-11-2023,4.931,5.098,4.852,5.03,702063.843
09-11-2023,5.03,5.29,4.489,5.077,1087976.688
10-11-2023,5.077,5.339,4.977,5.305,877164.313
11-11-2023,5.298,5.686,5.086,5.552,1106971.9
12-11-2023,5.552,5.865,5.334,5.714,1082135.713
13-11-2023,5.701,5.894,5.327,5.34,929755.195
14-11-2023,5.342,5.518,4.995,5.189,819717.408
15-11-2023,5.189,5.642,5.175,5.558,849320.465
16-11-2023,5.567,5.816,5.267,5.356,1031969.944
17-11-2023,5.342,5.495,5.032,5.248,665891.441
18-11-2023,5.231,5.303,4.983,5.297,497885.804
19-11-2023,5.297,5.494,5.175,5.436,523729.772
20-11-2023,5.436,5.582,5.247,5.295,585074.37
21-11-2023,5.306,5.33,4.814,4.85,737138.664
22-11-2023,4.871,5.299,4.829,5.172,522787.755
23-11-2023,5.184,5.22,5.083,5.138,271608.421
24-11-2023,5.145,5.298,5.12,5.234,381031.621
25-11-2023,5.234,5.394,5.202,5.33,286164.07
26-11-2023,5.315,5.415,5.144,5.315,358807.641
27-11-2023,5.315,5.379,5.027,5.151,485995.306
28-11-2023,5.151,5.312,5.101,5.274,510775.067
29-11-2023,5.275,5.389,5.142,5.159,478851.465
30-11-2023,5.159,5.594,5.113,5.474,755168.574
01-12-2023,5.474,5.526,5.366,5.472,378690.792
02-12-2023,5.472,5.618,5.445,5.567,364703.029
03-12-2023,5.567,5.643,5.413,5.556,422506.214
04-12-2023,5.556,5.741,5.421,5.637,741001.357
05-12-2023,5.637,5.959,5.496,5.913,1055970.698
06-12-2023,5.908,6.211,5.774,6.036,1038007.561
07-12-2023,6.036,6.301,5.889,6.232,823277.037
08-12-2023,6.249,6.933,6.164,6.831,1088964.296
09-12-2023,6.844,7.703,6.824,7.104,1567134.796
10-12-2023,7.111,7.361,6.939,7.328,671878.262
11-12-2023,7.33,7.362,6.285,6.704,1171229.654
12-12-2023,6.709,7.397,6.693,7.141,1336406.57
13-12-2023,7.141,7.672,6.609,7.62,1148031.482
14-12-2023,7.578,7.777,6.965,7.499,1110109.112
15-12-2023,7.499,7.57,6.924,6.946,1003497.299
16-12-2023,6.937,7.349,6.864,7.091,649523.471
17-12-2023,7.107,7.181,6.753,6.779,662666.764
18-12-2023,6.779,6.888,6.366,6.877,725793.573
19-12-2023,6.877,7.056,6.61,6.715,545371.851
20-12-2023,6.701,7.138,6.615,6.943,808826.352
21-12-2023,6.962,8.439,6.909,8.439,2145046.235
22-12-2023,8.416,8.582,7.83,7.956,1408163.332
23-12-2023,7.964,8.452,7.57,8.337,1168966.723
24-12-2023,8.311,9.214,8.304,8.62,2055621.65
25-12-2023,8.62,9.399,8.501,9.183,1604286.56
26-12-2023,9.18,9.602,8.384,8.822,1291841.686
27-12-2023,8.822,9.023,8.401,8.681,940983.567
28-12-2023,8.697,8.919,8.244,8.418,915260.109
29-12-2023,8.434,8.698,8.059,8.285,1086636.965
30-12-2023,8.294,8.496,8.1,8.346,472665.308
31-12-2023,8.34,8.656,8.025,8.199,574636.053
01-01-2024,8.199,8.639,8.045,8.587,509564.684
02-01-2024,8.587,8.814,8.321,8.42,665063.095
03-01-2024,8.42,8.592,6.459,7.626,1011530.63
04-01-2024,7.617,7.998,7.457,7.867,713072.128
05-01-2024,7.9,7.951,7.197,7.443,723564.364
06-01-2024,7.443,7.446,6.947,7.143,462359.825
07-01-2024,7.143,7.332,6.807,6.9,466670.498
08-01-2024,6.9,7.519,6.504,7.486,825149.292
09-01-2024,7.494,7.53,6.9,7.135,635502.597
10-01-2024,7.148,8.095,6.805,7.987,873385.155
11-01-2024,7.987,8.584,7.854,8.142,1132179.971
12-01-2024,8.142,8.219,7.31,7.556,814690.386
13-01-2024,7.556,7.765,7.37,7.626,438917.479
14-01-2024,7.626,7.705,7.31,7.316,347460.044
15-01-2024,7.346,7.697,7.306,7.497,415661.368
16-01-2024,7.497,7.69,7.324,7.489,438639.595
17-01-2024,7.498,7.606,7.253,7.346,406536.303
18-01-2024,7.346,7.39,6.819,7.015,575408.601
19-01-2024,7.015,7.052,6.559,6.887,553873.809
20-01-2024,6.887,6.951,6.759,6.903,297774.47
21-01-2024,6.906,6.977,6.801,6.804,240938.668
22-01-2024,6.814,6.844,6.282,6.325,786730.189
23-01-2024,6.325,6.458,5.963,6.349,712093.774
24-01-2024,6.343,6.557,6.259,6.451,482463.677
25-01-2024,6.466,6.63,6.339,6.429,391497.18
26-01-2024,6.443,6.742,6.349,6.662,523002.64
27-01-2024,6.662,6.769,6.524,6.659,380894.801
28-01-2024,6.681,6.863,6.56,6.862,504025.372
29-01-2024,6.872,7.297,6.698,7.054,870595.229
30-01-2024,7.045,7.087,6.815,6.831,283479.267
31-01-2024,6.831,6.887,6.584,6.666,187238.444
01-02-2024,6.666,6.822,6.533,6.794,134033.783
02-02-2024,6.794,7.028,6.757,6.957,137277.067
03-02-2024,6.957,7.019,6.811,6.824,79427.138
04-02-2024,6.824,6.836,6.644,6.663,66751.024
05-02-2024,6.674,6.976,6.582,6.739,155134.87
06-02-2024,6.731,6.838,6.636,6.82,118603.219
07-02-2024,6.804,6.97,6.669,6.934,138400.567
08-02-2024,6.934,7.111,6.864,7.008,195831.373
09-02-2024,7.01,7.342,6.961,7.196,230964.784
10-02-2024,7.184,7.295,7.058,7.216,119400.277
11-02-2024,7.216,7.351,7.071,7.1,155239.002
12-02-2024,7.097,7.385,6.971,7.338,233360.344
13-02-2024,7.338,7.464,7.126,7.343,201919.031
14-02-2024,7.356,7.713,7.26,7.644,259089.731
15-02-2024,7.644,7.964,7.513,7.771,291637.793
16-02-2024,7.794,7.875,7.531,7.635,180765.775
17-02-2024,7.645,7.715,7.326,7.706,137398.248
18-02-2024,7.706,7.934,7.666,7.86,144937.146
19-02-2024,7.86,8.144,7.645,7.989,302707.364
20-02-2024,7.989,8.119,7.394,7.727,326763.863
21-02-2024,7.727,7.766,7.222,7.473,229064.502
22-02-2024,7.473,7.693,7.265,7.487,190067.135
23-02-2024,7.487,7.654,7.262,7.566,235333.775
24-02-2024,7.556,7.891,7.426,7.823,214936.111
25-02-2024,7.811,7.94,7.675,7.918,146920.465
26-02-2024,7.918,8.123,7.58,8.099,262792
27-02-2024,8.123,8.455,8.009,8.374,367048.158
28-02-2024,8.359,8.716,7.754,8.349,490849.872
29-02-2024,8.34,8.915,8.027,8.269,407540.275
01-03-2024,8.274,8.673,8.257,8.672,265453.967
02-03-2024,8.672,9.476,8.57,9.463,462060.241
03-03-2024,9.484,9.913,8.574,9.77,506635.115
04-03-2024,9.759,10.317,9.576,9.855,667176.684
05-03-2024,9.854,10.77,8.2,9.334,921581.171
06-03-2024,9.346,10.566,8.92,10.555,577754.763
07-03-2024,10.535,10.997,10.218,10.396,390160.77
08-03-2024,10.404,10.801,9.971,10.628,383816.595
09-03-2024,10.641,10.96,10.388,10.485,301854.524
10-03-2024,10.485,10.573,9.969,10.26,248786.84
11-03-2024,10.26,11.251,9.797,11.023,459006.12
12-03-2024,11.054,11.154,10.067,10.731,376530.358
13-03-2024,10.731,11.391,10.635,11.385,376783.963
14-03-2024,11.362,11.894,10.674,11.565,582488.161
15-03-2024,11.574,11.696,10.003,10.796,563490.66
16-03-2024,10.819,10.896,9.501,9.684,446690.609
17-03-2024,9.704,10.253,9.195,10.078,311545.786
18-03-2024,10.078,10.447,9.596,9.903,324268.432
19-03-2024,9.893,9.996,8.602,8.785,493741.962
20-03-2024,8.756,9.557,8.488,9.471,426119.49
21-03-2024,9.471,9.584,9.062,9.174,252160.136
22-03-2024,9.174,9.37,8.698,8.922,206672.133
23-03-2024,8.945,9.23,8.86,8.967,118781.983
24-03-2024,8.963,9.436,8.952,9.357,121925.96
25-03-2024,9.357,9.832,9.285,9.729,219699.494
26-03-2024,9.734,10.099,9.519,9.682,261935.409
27-03-2024,9.69,9.864,9.306,9.443,235755.829
28-03-2024,9.443,9.664,9.296,9.514,186780.4684
29-03-2024,9.526,9.815,9.343,9.605,217142.597
30-03-2024,9.595,9.698,9.38,9.436,108688.049
31-03-2024,9.436,9.665,9.407,9.665,83105.368
01-04-2024,9.641,9.747,8.921,9.134,208185.674
02-04-2024,9.144,9.15,8.372,8.575,261689.641
03-04-2024,8.575,8.773,8.278,8.411,187067.644
04-04-2024,8.428,8.721,8.259,8.49,183557.585
05-04-2024,8.47,8.512,8.063,8.373,161715.562
06-04-2024,8.381,8.563,8.326,8.472,113493.682
07-04-2024,8.495,8.737,8.454,8.698,152128.203
08-04-2024,8.714,9.098,8.557,9.05,195602.658
09-04-2024,9.04,9.128,8.632,8.656,224524.262
10-04-2024,8.665,8.701,8.122,8.413,225688.431
11-04-2024,8.403,8.535,8.18,8.384,160126.628
12-04-2024,8.379,8.489,6.479,7.244,516226.277
13-04-2024,7.227,7.344,5.741,6.374,670906.112
14-04-2024,6.401,6.937,6.188,6.848,546404.261
15-04-2024,6.848,7.222,6.432,6.699,340511.676
16-04-2024,6.717,6.829,6.353,6.688,199964.919
17-04-2024,6.702,6.786,6.301,6.587,172172.774
18-04-2024,6.587,6.837,6.445,6.784,131072.062
19-04-2024,6.766,6.922,6.268,6.67,266788.883
20-04-2024,6.674,7.284,6.605,7.248,150661.891
21-04-2024,7.248,7.295,6.961,7.142,104858.49
22-04-2024,7.132,7.592,7.085,7.483,183838.286
23-04-2024,7.483,7.567,7.196,7.247,170985.06
24-04-2024,7.247,7.513,6.853,6.934,218291.046
25-04-2024,6.935,7.005,6.694,6.87,152377.562
26-04-2024,6.858,6.956,6.706,6.769,158691.697
27-04-2024,6.778,6.871,6.52,6.809,130815.454
28-04-2024,6.799,6.956,6.689,6.718,86366.013
29-04-2024,6.718,6.834,6.436,6.581,134122.544
30-04-2024,6.598,6.681,6.033,6.417,274051.672
01-05-2024,6.432,6.991,6.105,6.894,356217.863
02-05-2024,6.911,7.444,6.692,7.283,222115.23
03-05-2024,7.271,7.396,7.002,7.26,251789.745
04-05-2024,7.242,7.26,7.104,7.138,128024.825
05-05-2024,7.138,7.402,7.005,7.299,146550.839
06-05-2024,7.317,7.473,7.058,7.123,171030.453
07-05-2024,7.118,7.301,6.982,7.004,130112.766
08-05-2024,7.004,7.211,6.888,6.984,134325.758
09-05-2024,6.994,7.099,6.767,7.045,118963.067
10-05-2024,7.054,7.153,6.684,6.755,141671.747
11-05-2024,6.755,6.82,6.63,6.668,83339.612
12-05-2024,6.668,6.8,6.581,6.616,57023.279
13-05-2024,6.616,6.833,6.426,6.678,128838.095
14-05-2024,6.678,6.703,6.465,6.487,98328.79
15-05-2024,6.479,7.052,6.458,6.967,158333.105
16-05-2024,6.957,7.079,6.804,7.029,122036.612
17-05-2024,7.025,7.316,6.996,7.206,153235.699
18-05-2024,7.196,7.234,7.063,7.168,66260.251
19-05-2024,7.148,7.188,6.883,6.929,66101.852
20-05-2024,6.936,7.59,6.842,7.569,172795.633
21-05-2024,7.586,7.677,7.418,7.609,178928.007
22-05-2024,7.619,7.751,7.379,7.468,153985.321
23-05-2024,7.468,7.607,6.901,7.19,257356.028
24-05-2024,7.205,7.403,7.008,7.233,134773.083
25-05-2024,7.233,7.438,7.215,7.421,73704.524
26-05-2024,7.421,7.642,7.363,7.555,103910.145
27-05-2024,7.555,7.774,7.378,7.645,130670.733
28-05-2024,7.636,7.667,7.267,7.367,187083.659
29-05-2024,7.385,7.57,7.138,7.182,150793.351
30-05-2024,7.171,7.253,6.922,6.996,148279.954
31-05-2024,6.992,7.055,6.801,6.99,86285.507
01-06-2024,6.99,7.142,6.955,7.059,52180.312
02-06-2024,7.068,7.127,6.91,6.996,63175.852
03-06-2024,6.977,7.204,6.928,7.016,133463.668
04-06-2024,7.016,7.239,6.939,7.175,101489.104
05-06-2024,7.185,7.3,7.147,7.252,100572.783
06-06-2024,7.259,7.32,7.056,7.148,88136.309
07-06-2024,7.148,7.294,6.031,6.665,253516.584
08-06-2024,6.665,6.694,6.333,6.394,129915.255
09-06-2024,6.382,6.594,6.371,6.518,91150.083
10-06-2024,6.534,6.586,6.356,6.518,104928.661
11-06-2024,6.518,6.528,6.213,6.377,193674.421
12-06-2024,6.377,6.938,6.28,6.735,243977.938
13-06-2024,6.735,6.748,6.335,6.361,125866.598
14-06-2024,6.356,6.49,6.008,6.162,173544.327
15-06-2024,6.162,6.268,6.106,6.23,68985.095
16-06-2024,6.222,6.442,6.146,6.402,119431.371
17-06-2024,6.386,6.422,5.985,6.065,145070.419
18-06-2024,6.08,6.094,5.486,5.764,374373.474
19-06-2024,5.764,5.999,5.725,5.798,146732.141
20-06-2024,5.798,5.977,5.6,5.638,117864.248
21-06-2024,5.638,5.748,5.552,5.623,120534.353
22-06-2024,5.605,5.809,5.54,5.747,102598.568
23-06-2024,5.755,5.823,5.607,5.645,60566.147
24-06-2024,5.646,5.744,5.384,5.724,193297.013
25-06-2024,5.729,5.977,5.697,5.84,135793.253
26-06-2024,5.847,5.956,5.756,5.803,94014.952
27-06-2024,5.803,6.39,5.705,6.284,219010.942
28-06-2024,6.292,6.446,6.144,6.21,133780.08
29-06-2024,6.183,6.305,6.054,6.075,52162.394
30-06-2024,6.075,6.27,6.019,6.206,64945.928
01-07-2024,6.216,6.449,6.191,6.328,112346.847
02-07-2024,6.333,6.623,6.309,6.524,190788.109
03-07-2024,6.535,6.548,5.994,6.089,166079.687
04-07-2024,6.089,6.146,5.535,5.571,247739.127
05-07-2024,5.55,5.92,4.908,5.696,716758.897
06-07-2024,5.677,6.317,5.623,6.248,399793.867
07-07-2024,6.248,6.325,5.878,5.899,185820.637
08-07-2024,5.912,6.286,5.699,5.957,217636.034
09-07-2024,5.938,6.197,5.839,6.12,151266.208
10-07-2024,6.12,6.263,6.049,6.1,144701.569
11-07-2024,6.092,6.247,5.883,5.906,82914.058
12-07-2024,5.906,6.113,5.8,6.096,94928.797
13-07-2024,6.106,6.312,6.068,6.246,70448.707
14-07-2024,6.23,6.37,6.154,6.325,98989.321
15-07-2024,6.308,6.552,6.285,6.482,179709.273
16-07-2024,6.482,6.515,6.126,6.325,160277.641
17-07-2024,6.347,6.532,6.238,6.251,113670.432
18-07-2024,6.257,6.408,5.986,6.101,118118.163
19-07-2024,6.089,6.352,5.973,6.328,87037.258
20-07-2024,6.344,6.413,6.206,6.327,60251.73
21-07-2024,6.336,6.449,6.095,6.435,81840.368
22-07-2024,6.412,6.478,6.082,6.1,91159.151
23-07-2024,6.091,6.172,5.804,5.919,104925.22
24-07-2024,5.908,5.999,5.664,5.752,83536.87
25-07-2024,5.743,5.782,5.536,5.76,116493.886
26-07-2024,5.76,5.892,5.715,5.862,86440.053
27-07-2024,5.874,5.947,5.709,5.83,76679.44
28-07-2024,5.82,5.853,5.67,5.714,46824.162
29-07-2024,5.727,5.884,5.622,5.648,89365.061
30-07-2024,5.658,5.726,5.481,5.524,68088.811
31-07-2024,5.524,5.582,5.332,5.376,94006.777
01-08-2024,5.376,5.428,5.025,5.338,156640.487
02-08-2024,5.347,5.376,5.001,5.134,125200.241
03-08-2024,5.133,5.212,4.854,5.055,109535.294
04-08-2024,5.055,5.098,4.53,4.68,173141.557
05-08-2024,4.68,4.732,3.592,4.201,740175.82
06-08-2024,4.197,4.606,4.189,4.516,193166.267
07-08-2024,4.516,4.643,4.398,4.562,183874.329
08-08-2024,4.581,4.905,4.479,4.883,168810.627
09-08-2024,4.883,4.928,4.722,4.783,95883.244
10-08-2024,4.781,4.843,4.722,4.757,42854.852
11-08-2024,4.757,4.84,4.463,4.498,62865.845
12-08-2024,4.483,4.69,4.447,4.58,72157.711
13-08-2024,4.59,4.622,4.398,4.557,75450.114
14-08-2024,4.557,4.564,4.348,4.395,82653.549
15-08-2024,4.381,4.486,4.223,4.275,82095.927
16-08-2024,4.275,4.391,4.21,4.291,68399.972
17-08-2024,4.291,4.389,4.271,4.37,30054.934
18-08-2024,4.37,4.531,4.342,4.383,77448.193
19-08-2024,4.383,4.506,4.341,4.484,65604.764
20-08-2024,4.484,4.607,4.451,4.532,71862.281
21-08-2024,4.532,4.751,4.492,4.659,100135.415
22-08-2024,4.666,4.731,4.588,4.695,106014.04
23-08-2024,4.695,4.96,4.68,4.887,127190.904
24-08-2024,4.887,5.102,4.841,4.987,115763.115
25-08-2024,4.977,5.003,4.743,4.828,106421.518
26-08-2024,4.816,4.876,4.526,4.559,103996.397
27-08-2024,4.559,4.66,4.229,4.377,138355.863
28-08-2024,4.361,4.454,4.163,4.261,117834.431
29-08-2024,4.261,4.409,4.167,4.245,89734.352
30-08-2024,4.256,4.339,4.102,4.284,87783.123
31-08-2024,4.275,4.321,4.215,4.26,38048.342
01-09-2024,4.26,4.263,4.031,4.065,95411.761
02-09-2024,4.065,4.236,4.051,4.195,76322.851
03-09-2024,4.195,4.288,4.053,4.057,78406.984
04-09-2024,4.057,4.213,3.852,4.106,151596.147
05-09-2024,4.118,4.131,3.932,4.024,73214.534
06-09-2024,4.012,4.102,3.824,3.968,137424.444
07-09-2024,3.968,4.138,3.922,4.084,60653.313
08-09-2024,4.084,4.213,4.056,4.169,52517.43
09-09-2024,4.16,4.338,4.085,4.313,98575.068
10-09-2024,4.313,4.313,4.191,4.258,64125.569
11-09-2024,4.234,4.266,4.058,4.195,105174.301
12-09-2024,4.195,4.312,4.179,4.282,84492.174
13-09-2024,4.297,4.48,4.265,4.419,113941.515
14-09-2024,4.428,4.452,4.333,4.434,65079.234
15-09-2024,4.439,4.563,4.35,4.406,102744.642
16-09-2024,4.393,4.399,4.147,4.204,111195.93
17-09-2024,4.204,4.302,4.125,4.141,116923.572
18-09-2024,4.16,4.179,3.963,4.179,171019.492
19-09-2024,4.183,4.364,4.171,4.247,167764.142
20-09-2024,4.263,4.409,4.184,4.328,160939.259
21-09-2024,4.343,4.482,4.282,4.466,86074.379
22-09-2024,4.46,4.483,4.231,4.307,85035.301
23-09-2024,4.308,4.464,4.231,4.452,124663.605
24-09-2024,4.452,4.684,4.397,4.634,170320.294
25-09-2024,4.646,4.774,4.581,4.643,141343.008
26-09-2024,4.635,4.878,4.565,4.815,136997.433
27-09-2024,4.815,4.966,4.805,4.893,152249.177
28-09-2024,4.893,4.95,4.735,4.809,81994.126
29-09-2024,4.789,4.859,4.681,4.77,85597.783
30-09-2024,4.77,4.776,4.394,4.451,156472.177
01-10-2024,4.429,4.563,4.042,4.154,294729.723
02-10-2024,4.153,4.286,4.003,4.097,185485.451
03-10-2024,4.097,4.174,3.98,4.115,171566.021
04-10-2024,4.115,4.213,4.1,4.191,106735.002
05-10-2024,4.191,4.238,4.074,4.141,62715.772
06-10-2024,4.132,4.206,4.094,4.192,55288.733
07-10-2024,4.184,4.277,4.11,4.124,133905.035
08-10-2024,4.138,4.192,4.057,4.118,114077.713
09-10-2024,4.111,4.152,3.948,4.02,108152.791
10-10-2024,4.034,4.079,3.954,4.074,88423.246
11-10-2024,4.07,4.203,4.053,4.181,83152.631
12-10-2024,4.181,4.264,4.15,4.201,82607.083
13-10-2024,4.209,4.22,4.083,4.155,70499.611
14-10-2024,4.156,4.399,4.125,4.381,143869.234
15-10-2024,4.387,4.541,4.29,4.405,231285.664
16-10-2024,4.405,4.421,4.276,4.324,111316.246
17-10-2024,4.324,4.354,4.141,4.182,95286.834
18-10-2024,4.182,4.327,4.15,4.312,103899.916
19-10-2024,4.312,4.488,4.295,4.428,120354.822
20-10-2024,4.434,4.599,4.355,4.582,117956.558
21-10-2024,4.574,4.622,4.336,4.376,127298.028
22-10-2024,4.376,4.44,4.268,4.328,109748.732
23-10-2024,4.328,4.334,4.101,4.214,110343.759
24-10-2024,4.214,4.268,4.142,4.21,111837.391
25-10-2024,4.21,4.224,3.848,3.986,193486.481
26-10-2024,3.999,4.075,3.941,4.027,120906.248
27-10-2024,4.027,4.138,3.999,4.12,96480.619
28-10-2024,4.134,4.274,4,4.135,214909.896
29-10-2024,4.13,4.29,4.113,4.186,213465.263
30-10-2024,4.186,4.222,4.113,4.2,149856.488
31-10-2024,4.189,4.216,3.893,3.957,238699.649
01-11-2024,3.961,3.999,3.843,3.91,194805.224
02-11-2024,3.91,3.957,3.815,3.895,116785.76
03-11-2024,3.912,3.94,3.666,3.78,213798.518
04-11-2024,3.801,3.853,3.672,3.756,118052.223
05-11-2024,3.737,3.92,3.737,3.858,123117.565
06-11-2024,3.858,4.148,3.856,4.109,330113.368
07-11-2024,4.109,4.21,4.04,4.165,253802.507
08-11-2024,4.154,4.395,4.113,4.324,400419.166
09-11-2024,4.324,4.644,4.259,4.627,302285.067
10-11-2024,4.638,5.489,4.53,5.234,1195064.96
11-11-2024,5.234,5.796,4.976,5.716,723093.364
12-11-2024,5.716,5.853,5.104,5.301,899860.941
13-11-2024,5.318,5.438,4.905,5.078,697987.925
14-11-2024,5.078,5.219,4.687,4.785,443386.873
15-11-2024,4.785,5.178,4.7,5.163,357427.705
16-11-2024,5.163,5.844,5.131,5.792,610883.214
17-11-2024,5.784,6.145,5.295,5.413,641912.007
18-11-2024,5.413,6.093,5.386,6.013,559088.412
19-11-2024,5.996,6.05,5.645,5.794,320231.558
20-11-2024,5.81,6.125,5.526,5.726,484331.591
21-11-2024,5.726,6.013,5.472,5.939,479518.648
22-11-2024,5.928,6.707,5.873,6.615,743634.247
23-11-2024,6.643,9.436,6.58,8.499,1589888.44
24-11-2024,8.497,10.5,8.04,8.827,1289035.924
25-11-2024,8.831,9.359,8.066,8.239,776434.578
26-11-2024,8.228,8.475,7.551,8.069,660769.589
27-11-2024,8.049,8.577,7.839,8.471,534815.774
28-11-2024,8.452,8.756,8,8.607,427231.16
29-11-2024,8.607,9.084,8.431,9.04,545297.152
30-11-2024,9.04,9.238,8.601,8.948,602654.415
01-12-2024,8.948,9.394,8.69,9.275,504326.78
02-12-2024,9.302,10.21,8.454,10.016,965850.108
03-12-2024,10.014,10.449,9.073,9.799,951761.436
04-12-2024,9.805,11.662,9.661,10.522,1054629.215
05-12-2024,10.512,11.241,9.893,10.362,824051.472
